"id_produk","nama_produk","kategori","harga_satuan","status"
"00-119-8780","Halibut","Seafood","20.00","Backordered"
"00-215-7434","Egg (Goose)","Dairy","2.50","Backordered"
"00-357-2313","Avocado Oil","Oils & Fats","10.00","Backordered"
"00-366-9496","Grapes","Fruits & Vegetables","5.50","Active"
"00-405-7428","Apple","Fruits & Vegetables","3.50","Discontinued"
"00-440-9568","Blueberries","Fruits & Vegetables","10.00","Active"
"00-534-9775","Black Coffee","Beverages","14.90","Backordered"
"00-641-8691","Black Coffee","Beverages","15.00","Discontinued"
"00-842-9790","Egg (Goose)","Dairy","2.50","Backordered"
"00-963-2193","Milk","Dairy","1.00","Discontinued"
"01-018-6418","Chocolate Biscuit","Bakery","5.00","Backordered"
"01-026-2772","Blueberries","Fruits & Vegetables","10.00","Discontinued"
"01-050-2246","Grapes","Fruits & Vegetables","5.50","Discontinued"
"01-144-5960","Trout","Seafood","12.00","Active"
"01-173-0029","Blueberries","Fruits & Vegetables","10.00","Active"
"01-439-6231","Sunflower Oil","Oils & Fats","2.50","Discontinued"
"01-703-8441","Raw Sugar","Grains & Pulses","1.50","Backordered"
"01-820-5784","Egg (Duck)","Dairy","1.00","Active"
"01-839-6534","Short Grain Rice","Grains & Pulses","3.00","Active"
"01-903-5373","Strawberries","Fruits & Vegetables","6.00","Discontinued"
"02-034-6209","Sour Cream","Dairy","4.10","Backordered"
"02-085-7218","Cheddar Cheese","Dairy","8.90","Backordered"
"02-170-5225","Raw Sugar","Grains & Pulses","1.50","Discontinued"
"02-275-6061","Potato","Fruits & Vegetables","1.20","Discontinued"
"02-484-0206","Short Grain Rice","Grains & Pulses","3.00","Active"
"02-508-3777","Egg (Quail)","Dairy","0.80","Discontinued"
"02-559-8196","Mango","Fruits & Vegetables","5.20","Discontinued"
"02-575-1980","Plum","Fruits & Vegetables","4.00","Active"
"02-655-3240","Rice Flour","Grains & Pulses","2.00","Discontinued"
"02-888-9412","Cauliflower","Fruits & Vegetables","2.48","Backordered"
"02-895-7781","Coconut Sugar","Grains & Pulses","5.00","Discontinued"
"02-920-4829","White Bread","Bakery","2.50","Backordered"
"02-974-8526","Onion","Fruits & Vegetables","2.00","Backordered"
"03-043-9933","Strawberries","Fruits & Vegetables","6.10","Backordered"
"03-061-1344","Trout","Seafood","12.00","Active"
"03-149-9760","Whipped Cream","Dairy","4.00","Discontinued"
"03-276-3931","Mango","Fruits & Vegetables","4.50","Active"
"03-441-4252","Yogurt","Dairy","1.75","Backordered"
"03-597-9488","Buttermilk","Dairy","2.50","Active"
"03-833-3577","Cucumber","Fruits & Vegetables","1.80","Active"
"03-919-9890","Halibut","Seafood","20.00","Active"
"03-940-0630","Sunflower Oil","Oils & Fats","2.50","Discontinued"
"04-001-1793","Green Coffee","Beverages","12.00","Backordered"
"04-038-1547","Rye Bread","Bakery","2.80","Discontinued"
"04-104-6993","Buttermilk","Dairy","2.45","Active"
"04-240-2226","Olive Oil","Oils & Fats","6.00","Discontinued"
"04-277-5245","Coconut Sugar","Grains & Pulses","5.00","Backordered"
"04-293-6969","Peach","Fruits & Vegetables","4.00","Active"
"04-453-5485","Tomato","Fruits & Vegetables","2.50","Backordered"
"04-542-3863","Bread Flour","Grains & Pulses","1.50","Backordered"
"04-637-8815","Apricot","Fruits & Vegetables","5.00","Active"
"04-758-0410","Wild Rice","Grains & Pulses","10.00","Discontinued"
"05-184-4175","Black Coffee","Beverages","15.00","Active"
"05-193-8096","Grapes","Fruits & Vegetables","5.50","Backordered"
"05-334-2923","Bread Flour","Grains & Pulses","1.50","Discontinued"
"05-425-0746","Onion","Fruits & Vegetables","2.00","Discontinued"
"05-498-7751","Cauliflower","Fruits & Vegetables","2.50","Active"
"05-720-8792","Carrot","Fruits & Vegetables","1.50","Active"
"05-899-1428","Avocado Oil","Oils & Fats","10.00","Active"
"06-068-6793","Buttermilk","Dairy","2.50","Discontinued"
"06-336-5482","Sardines","Seafood","6.00","Discontinued"
"06-340-6856","Wild Rice","Grains & Pulses","9.75","Active"
"06-503-5891","Egg (Goose)","Dairy","2.45","Backordered"
"06-611-5454","Peanut Oil","Oils & Fats","4.00","Backordered"
"06-655-5498","Wild Rice","Grains & Pulses","9.75","Backordered"
"06-690-2335","Jasmine Rice","Grains & Pulses","4.75","Discontinued"
"06-706-6490","Green Tea","Beverages","8.00","Backordered"
"06-731-2162","Lemon","Fruits & Vegetables","2.50","Discontinued"
"06-797-4963","Pomegranate","Fruits & Vegetables","6.00","Active"
"06-849-4869","Sesame Oil","Oils & Fats","6.50","Discontinued"
"06-858-5680","Sesame Oil","Oils & Fats","6.50","Discontinued"
"06-955-3428","Black Rice","Grains & Pulses","6.00","Backordered"
"06-996-3221","Evaporated Milk","Dairy","2.00","Discontinued"
"07-074-1196","Plum","Fruits & Vegetables","3.90","Backordered"
"07-219-8017","Palm Oil","Oils & Fats","1.80","Active"
"07-337-9889","Cauliflower","Fruits & Vegetables","2.50","Active"
"07-389-5740","Egg (Quail)","Dairy","0.80","Backordered"
"07-617-6934","Coconut Sugar","Grains & Pulses","5.00","Active"
"07-679-1199","Onion","Fruits & Vegetables","2.00","Active"
"07-834-3320","Egg (Quail)","Dairy","0.80","Active"
"07-846-4804","Jasmine Rice","Grains & Pulses","4.75","Discontinued"
"07-858-5487","Swiss Cheese","Dairy","8.00","Active"
"07-970-9352","Bell Pepper","Fruits & Vegetables","4.45","Active"
"08-114-3922","Anchovies","Seafood","10.00","Discontinued"
"08-196-2703","Peas","Fruits & Vegetables","3.00","Backordered"
"08-213-2058","Sour Cream","Dairy","4.00","Active"
"08-226-5155","Bell Pepper","Fruits & Vegetables","4.50","Backordered"
"08-396-2704","White Sugar","Grains & Pulses","2.00","Discontinued"
"08-495-6853","Heavy Cream","Dairy","4.00","Active"
"08-519-5579","Broccoli","Fruits & Vegetables","4.00","Discontinued"
"08-573-9997","Pomegranate","Fruits & Vegetables","6.00","Backordered"
"08-637-9335","Lettuce","Fruits & Vegetables","2.00","Backordered"
"08-703-1382","Peach","Fruits & Vegetables","4.00","Backordered"
"08-725-8156","Tilapia","Seafood","7.00","Active"
"08-940-8578","Onion","Fruits & Vegetables","2.00","Discontinued"
"08-961-3009","Cheese","Dairy","9.20","Backordered"
"09-101-1740","Sushi Rice","Grains & Pulses","4.75","Discontinued"
"09-286-8107","Greek Yogurt","Dairy","3.00","Discontinued"
"09-335-7793","Powdered Sugar","Grains & Pulses","2.40","Active"
"09-536-2626","Olive Oil","Oils & Fats","6.00","Active"
"09-618-2842","White Sugar","Grains & Pulses","2.00","Discontinued"
"09-622-7119","Haddock","Seafood","9.00","Backordered"
"09-712-3630","Grapes","Fruits & Vegetables","5.50","Backordered"
"10-002-6494","Mango","Fruits & Vegetables","4.80","Backordered"
"10-034-7654","Bread Flour","Grains & Pulses","1.50","Backordered"
"10-137-9759","Watermelon","Fruits & Vegetables","3.00","Backordered"
"10-218-2680","Egg (Turkey)","Dairy","2.50","Backordered"
"10-249-7928","Black Rice","Grains & Pulses","6.50","Backordered"
"10-255-8579","Basmati Rice","Grains & Pulses","4.50","Active"
"10-378-9729","Cabbage",NULL,"66.55","Discontinued"
"10-445-0741","Anchovies","Seafood","10.00","Active"
"10-555-5971","Sourdough Bread","Bakery","4.00","Backordered"
"10-617-7581","Peanut Oil","Oils & Fats","4.00","Active"
"10-626-8536","Coconut Sugar","Grains & Pulses","5.00","Active"
"10-768-2443","Multigrain Bread","Bakery","3.25","Backordered"
"10-854-5467","Canola Oil","Oils & Fats","2.30","Discontinued"
"11-032-9778","Peas","Fruits & Vegetables","3.00","Backordered"
"11-053-0107","Cherry","Fruits & Vegetables","8.00","Active"
"11-073-0189","Plum","Fruits & Vegetables","4.00","Active"
"11-155-7826","Arabica Coffee","Beverages","20.00","Active"
"11-316-8405","Mango","Fruits & Vegetables","5.00","Discontinued"
"11-325-7396","Mango","Fruits & Vegetables","5.00","Discontinued"
"11-338-4598","Potato","Fruits & Vegetables","1.20","Backordered"
"11-581-9869","Carrot","Fruits & Vegetables","1.50","Discontinued"
"11-604-6002","Canola Oil","Oils & Fats","2.30","Backordered"
"11-733-1756","Rice Flour","Grains & Pulses","2.00","Backordered"
"11-745-3025","Peach","Fruits & Vegetables","4.00","Backordered"
"11-766-8738","Watermelon","Fruits & Vegetables","3.00","Discontinued"
"11-815-7923","Parmesan Cheese","Dairy","11.80","Active"
"11-891-8213","Peanut Oil","Oils & Fats","4.00","Discontinued"
"11-922-3342","Black Coffee","Beverages","15.50","Discontinued"
"12-046-2988","Corn Oil","Oils & Fats","2.50","Backordered"
"12-093-9863","Arborio Rice","Grains & Pulses","4.50","Active"
"12-239-9399","Potato","Fruits & Vegetables","1.20","Active"
"12-342-4482","Trout","Seafood","11.60","Active"
"12-439-8428","Eggplant","Fruits & Vegetables","3.00","Backordered"
"12-714-5135","Ricotta Cheese","Dairy","6.00","Discontinued"
"12-798-9401","Cream","Dairy","2.50","Backordered"
"12-828-1063","Mozzarella Cheese","Dairy","7.10","Discontinued"
"12-998-3882","Egg (Turkey)","Dairy","2.50","Backordered"
"13-144-2169","Eggplant","Fruits & Vegetables","3.00","Backordered"
"13-202-4809","Garlic","Fruits & Vegetables","7.00","Discontinued"
"13-409-9040","White Tea","Beverages","25.25","Discontinued"
"13-673-7016","Peach","Fruits & Vegetables","4.00","Backordered"
"13-798-3397","Egg (Turkey)","Dairy","2.50","Active"
"13-844-2178","Sardines","Seafood","6.00","Active"
"13-888-0149","Lime","Fruits & Vegetables","2.00","Active"
"13-900-9016","Bell Pepper","Fruits & Vegetables","4.50","Discontinued"
"13-962-6263","Sweet Potato","Fruits & Vegetables","2.00","Active"
"13-980-8804","Sweet Potato","Fruits & Vegetables","2.00","Backordered"
"14-115-8371","Chocolate Biscuit","Bakery","5.00","Backordered"
"14-305-5348","Cheese","Dairy","9.00","Active"
"14-305-9690","Sushi Rice","Grains & Pulses","4.30","Active"
"14-331-3739","Avocado Oil","Oils & Fats","10.00","Discontinued"
"14-489-8669","All-Purpose Flour","Grains & Pulses","1.75","Discontinued"
"14-521-4167","Buttermilk","Dairy","2.50","Discontinued"
"14-550-2152","Green Tea","Beverages","7.60","Active"
"14-681-7035","White Tea","Beverages","25.00","Backordered"
"14-836-2894","Apple","Fruits & Vegetables","3.50","Active"
"14-844-4138","Black Coffee","Beverages","15.00","Discontinued"
"15-045-8444","Green Coffee","Beverages","12.00","Discontinued"
"15-082-9124","Apricot","Fruits & Vegetables","5.00","Discontinued"
"15-144-9413","Strawberries","Fruits & Vegetables","5.90","Backordered"
"15-169-8058","Bread Flour","Grains & Pulses","1.50","Active"
"15-240-6267","Eggplant","Fruits & Vegetables","3.00","Active"
"15-562-3712","Cauliflower","Fruits & Vegetables","2.50","Discontinued"
"15-679-3935","Grapes","Fruits & Vegetables","5.50","Backordered"
"15-762-1058","Lime","Fruits & Vegetables","2.00","Backordered"
"15-796-3130","Rye Bread","Bakery","3.00","Active"
"15-797-4824","Coconut","Fruits & Vegetables","5.00","Backordered"
"15-846-7959","Zucchini","Fruits & Vegetables","2.50","Discontinued"
"15-884-7413","Apple","Fruits & Vegetables","3.50","Discontinued"
"15-905-7750","Apricot","Fruits & Vegetables","5.00","Backordered"
"15-907-3681","Plum","Fruits & Vegetables","3.85","Discontinued"
"16-187-5729","Black Tea","Beverages","5.00","Active"
"16-354-8122","Digestive Biscuit","Bakery","4.00","Backordered"
"16-380-0753","Apricot","Fruits & Vegetables","5.00","Active"
"16-499-5059","Pear","Fruits & Vegetables","4.50","Discontinued"
"16-632-1308","Arabica Coffee","Beverages","20.00","Backordered"
"17-002-4721","Green Beans","Fruits & Vegetables","2.00","Active"
"17-022-9721","Apple","Fruits & Vegetables","3.50","Discontinued"
"17-236-0566","Sweet Potato","Fruits & Vegetables","2.00","Backordered"
"17-253-5688","Greek Yogurt","Dairy","3.00","Backordered"
"17-265-1899","Orange","Fruits & Vegetables","3.00","Backordered"
"17-274-6898","Whole Wheat Bread","Bakery","3.50","Backordered"
"17-395-1121","Plum","Fruits & Vegetables","3.85","Backordered"
"17-493-4579","Almond Flour","Grains & Pulses","9.50","Active"
"17-504-3699","Sweet Potato","Fruits & Vegetables","2.00","Active"
"17-647-0503","Cod","Seafood","8.00","Active"
"18-107-7886","Evaporated Milk","Dairy","2.00","Active"
"18-199-5799","Cheddar Cheese","Dairy","9.00","Backordered"
"18-278-2383","Gouda Cheese","Dairy","7.00","Backordered"
"19-021-5024","Broccoli","Fruits & Vegetables","4.00","Active"
"19-047-4239","Peach","Fruits & Vegetables","4.00","Backordered"
"19-112-1616","Lettuce","Fruits & Vegetables","2.00","Active"
"19-214-5762","Pear","Fruits & Vegetables","4.50","Backordered"
"19-244-9890","Herbal Tea","Beverages","30.00","Active"
"19-323-0506","Halibut","Seafood","20.00","Backordered"
"19-377-5021","Mackerel","Seafood","7.50","Backordered"
"19-610-2236","Whole Wheat Bread","Bakery","3.50","Active"
"19-672-8982","Butter","Dairy","3.10","Discontinued"
"19-854-3663","Watermelon","Fruits & Vegetables","3.00","Backordered"
"19-967-0632","Short Grain Rice","Grains & Pulses","3.00","Discontinued"
"20-022-3173","Bread Flour","Grains & Pulses","1.50","Discontinued"
"20-031-0532","Mango","Fruits & Vegetables","4.90","Discontinued"
"20-054-3716","Chocolate Biscuit","Bakery","5.00","Discontinued"
"20-225-3930","White Tea","Beverages","25.00","Active"
"20-283-0111","Pear","Fruits & Vegetables","4.45","Active"
"20-325-1965","Coconut","Fruits & Vegetables","5.00","Backordered"
"20-387-7746","Powdered Sugar","Grains & Pulses","2.50","Active"
"20-405-4865","Milk","Dairy","0.90","Backordered"
"20-448-2972","Asparagus","Fruits & Vegetables","5.00","Discontinued"
"21-013-3508","Cabbage","Fruits & Vegetables","1.00","Backordered"
"21-120-6238","All-Purpose Flour","Grains & Pulses","1.75","Discontinued"
"21-252-1360","Corn Oil","Oils & Fats","2.50","Backordered"
"21-633-8696","Coconut Sugar","Grains & Pulses","5.00","Discontinued"
"21-650-9319","White Bread","Bakery","2.50","Backordered"
"21-693-8216","Corn Oil","Oils & Fats","2.50","Active"
"21-718-6746","Coconut","Fruits & Vegetables","5.00","Discontinued"
"21-809-7115","White Rice","Grains & Pulses","1.80","Discontinued"
"21-816-1004","Black Coffee","Beverages","15.00","Backordered"
"21-890-2826","Gouda Cheese","Dairy","7.00","Active"
"21-993-5632","Watermelon","Fruits & Vegetables","3.00","Active"
"22-083-3347","Long Grain Rice","Grains & Pulses","1.50","Discontinued"
"22-141-9798","White Sugar","Grains & Pulses","2.00","Backordered"
"22-266-9291","Sardines","Seafood","6.00","Backordered"
"22-319-1377","White Sugar","Grains & Pulses","2.00","Active"
"22-329-7791","Watermelon","Fruits & Vegetables","3.00","Discontinued"
"22-621-2774","Strawberries","Fruits & Vegetables","6.00","Active"
"22-760-4605","Yogurt","Dairy","1.75","Discontinued"
"22-778-3553","Cheddar Cheese","Dairy","9.00","Active"
"22-849-2551","Mushrooms","Fruits & Vegetables","6.20","Discontinued"
"22-895-6595","Rice Flour","Grains & Pulses","2.00","Active"
"23-070-2433","Powdered Sugar","Grains & Pulses","2.50","Discontinued"
"23-265-8144","Yogurt","Dairy","1.70","Backordered"
"23-395-3157","Vegetable Oil","Oils & Fats","2.00","Backordered"
"24-009-1208","White Tea","Beverages","25.00","Backordered"
"24-143-4957","Canola Oil","Oils & Fats","2.30","Discontinued"
"24-228-6840","Herbal Tea","Beverages","30.00","Backordered"
"24-310-9184","Rye Bread","Bakery","3.00","Backordered"
"24-364-3341","Egg (Turkey)","Dairy","2.50","Discontinued"
"24-478-8277","Multigrain Bread","Bakery","3.25","Active"
"24-571-1080","Kale","Fruits & Vegetables","4.00","Discontinued"
"24-579-6500","Anchovies","Seafood","10.00","Active"
"24-972-6969","Cheese","Dairy","9.20","Active"
"24-975-4231","Green Beans","Fruits & Vegetables","2.10","Active"
"24-986-5091","Vanilla Biscuit","Bakery","5.50","Discontinued"
"24-989-3302","Coconut","Fruits & Vegetables","5.00","Backordered"
"25-010-9478","Eggplant","Fruits & Vegetables","3.00","Active"
"25-349-7974","Spinach","Fruits & Vegetables","2.50","Discontinued"
"25-353-2067","Papaya","Fruits & Vegetables","4.30","Backordered"
"25-522-6043","Gouda Cheese","Dairy","7.00","Discontinued"
"25-911-7736","Orange","Fruits & Vegetables","3.00","Backordered"
"26-000-1012","Parmesan Cheese","Dairy","12.00","Backordered"
"26-010-9519","Trout","Seafood","12.00","Active"
"26-031-8070","Vegetable Oil","Oils & Fats","2.00","Backordered"
"26-134-9069","Whipped Cream","Dairy","4.00","Active"
"26-161-6692","Zucchini","Fruits & Vegetables","2.50","Discontinued"
"26-177-5690","Cucumber","Fruits & Vegetables","1.80","Discontinued"
"26-456-1992","Tilapia","Seafood","7.00","Active"
"26-535-4727","Tilapia","Seafood","7.00","Backordered"
"26-629-5920","Rye Bread","Bakery","3.00","Active"
"26-690-3784","Lettuce","Fruits & Vegetables","2.00","Active"
"26-799-3714","Robusta Coffee","Beverages","10.00","Active"
"27-216-9671","Sesame Oil","Oils & Fats","6.50","Active"
"27-262-2437","Swiss Cheese","Dairy","8.10","Active"
"27-269-5260","Pineapple","Fruits & Vegetables","3.50","Active"
"27-387-0428","Halibut","Seafood","20.00","Active"
"27-389-3529","Haddock","Seafood","9.00","Active"
"27-442-3654","Herbal Tea","Beverages","30.00","Active"
"27-459-0724","Feta Cheese","Dairy","7.00","Discontinued"
"27-474-0056","Spinach","Fruits & Vegetables","2.50","Backordered"
"27-495-1912","Potato","Fruits & Vegetables","1.20","Active"
"27-635-8394","Orange","Fruits & Vegetables","2.90","Discontinued"
"27-681-5588","Anchovies","Seafood","10.00","Discontinued"
"27-757-4489","Egg (Goose)","Dairy","2.50","Discontinued"
"27-783-5470","Feta Cheese","Dairy","7.00","Discontinued"
"27-881-1177","Green Tea","Beverages","8.00","Backordered"
"28-003-8065","Almond Flour","Grains & Pulses","9.50","Discontinued"
"28-008-2951","Broccoli","Fruits & Vegetables","4.00","Discontinued"
"28-044-4102","Papaya","Fruits & Vegetables","4.50","Discontinued"
"28-107-4953","Chocolate Biscuit","Bakery","5.00","Discontinued"
"28-146-2641","Parmesan Cheese","Dairy","12.00","Discontinued"
"28-185-7303","Robusta Coffee","Beverages","10.00","Active"
"28-197-9246","Powdered Sugar","Grains & Pulses","2.50","Active"
"28-275-5901","Anchovies","Seafood","10.00","Active"
"28-433-8533","Multigrain Bread","Bakery","3.20","Active"
"28-505-8317","Watermelon","Fruits & Vegetables","3.00","Backordered"
"28-608-0039","Lemon","Fruits & Vegetables","2.50","Backordered"
"28-824-9017","Trout","Seafood","11.50","Discontinued"
"28-840-6096","Pomegranate","Fruits & Vegetables","6.00","Discontinued"
"28-956-1320","Greek Yogurt","Dairy","3.00","Discontinued"
"28-968-4195","Eggplant","Fruits & Vegetables","3.00","Backordered"
"28-986-8001","Pomegranate","Fruits & Vegetables","6.00","Active"
"29-017-6255","Bell Pepper","Fruits & Vegetables","4.60","Discontinued"
"29-092-3453","Spinach","Fruits & Vegetables","2.52","Active"
"29-135-0791","Jasmine Rice","Grains & Pulses","4.75","Backordered"
"29-205-1132","Sushi Rice","Grains & Pulses","4.50","Discontinued"
"29-344-3658","Lime","Fruits & Vegetables","1.90","Discontinued"
"29-377-7040","Short Grain Rice","Grains & Pulses","3.00","Active"
"29-436-6570","Digestive Biscuit","Bakery","4.00","Discontinued"
"29-592-7315","Arborio Rice","Grains & Pulses","4.50","Active"
"29-741-8132","Kale","Fruits & Vegetables","4.00","Backordered"
"29-756-7042","Digestive Biscuit","Bakery","4.00","Discontinued"
"29-823-6004","Zucchini","Fruits & Vegetables","2.50","Discontinued"
"29-875-6900","Papaya","Fruits & Vegetables","4.50","Discontinued"
"29-896-7926","White Rice","Grains & Pulses","1.80","Backordered"
"30-429-2162","Black Rice","Grains & Pulses","6.15","Discontinued"
"30-591-7275","Brown Rice","Grains & Pulses","2.50","Backordered"
"30-806-3823","Jasmine Rice","Grains & Pulses","4.75","Active"
"30-832-5429","Multigrain Bread","Bakery","3.50","Backordered"
"30-964-2694","Peas","Fruits & Vegetables","3.00","Active"
"30-996-2526","Green Beans","Fruits & Vegetables","2.10","Active"
"31-157-1822","Ricotta Cheese","Dairy","6.10","Discontinued"
"31-211-5803","Oatmeal Biscuit","Bakery","5.00","Backordered"
"31-255-9616","Tuna","Seafood","18.00","Backordered"
"31-387-5020","Parmesan Cheese","Dairy","11.90","Active"
"31-403-6234","Tuna","Seafood","18.00","Active"
"31-608-1445","Papaya","Fruits & Vegetables","4.40","Discontinued"
"31-627-6025","White Bread","Bakery","2.50","Backordered"
"31-745-6850","Cabbage","Fruits & Vegetables","0.90","Active"
"31-746-4951","Whole Wheat Flour","Grains & Pulses","2.75","Active"
"31-803-5001","Asparagus","Fruits & Vegetables","4.70","Backordered"
"31-969-4614","Arabica Coffee","Beverages","20.00","Discontinued"
"32-261-0008","Heavy Cream","Dairy","4.00","Discontinued"
"32-270-1385","Greek Yogurt","Fruits & Vegetables","42.58","Backordered"
"32-676-1026","Salmon","Seafood","15.00","Backordered"
"32-933-0329","Blueberries","Fruits & Vegetables","10.00","Active"
"32-987-5559","Green Tea","Beverages","8.00","Backordered"
"33-335-9140","Olive Oil","Oils & Fats","6.00","Active"
"33-378-1365","Egg (Goose)","Dairy","2.50","Active"
"33-440-2588","Bell Pepper","Fruits & Vegetables","4.40","Backordered"
"33-507-9886","Pineapple","Fruits & Vegetables","3.50","Active"
"33-670-6797","Mackerel","Seafood","7.50","Discontinued"
"33-807-7247","Mozzarella Cheese","Dairy","7.00","Backordered"
"34-075-0371","Watermelon","Fruits & Vegetables","3.00","Active"
"34-086-3222","Lemon","Fruits & Vegetables","2.30","Discontinued"
"34-110-1040","Bell Pepper","Fruits & Vegetables","4.50","Discontinued"
"34-131-8805","Yogurt","Dairy","1.75","Discontinued"
"34-291-4939","Digestive Biscuit","Bakery","4.00","Discontinued"
"34-369-7712","Apricot","Fruits & Vegetables","5.00","Discontinued"
"34-538-1180","Sour Cream","Dairy","4.00","Backordered"
"34-547-0827","White Rice","Grains & Pulses","1.80","Backordered"
"34-709-9237","Carrot","Fruits & Vegetables","1.50","Discontinued"
"34-861-4446","Ricotta Cheese","Dairy","6.00","Active"
"34-928-2775","Coconut","Fruits & Vegetables","5.00","Discontinued"
"35-031-1497","Green Coffee","Beverages","12.00","Active"
"35-257-9312","Parmesan Cheese","Dairy","12.00","Backordered"
"35-299-0889","Coconut Oil","Oils & Fats","5.00","Discontinued"
"35-328-8392","Long Grain Rice","Grains & Pulses","1.45","Backordered"
"35-353-4068","Bread Flour","Grains & Pulses","1.50","Discontinued"
"35-529-2933","Broccoli","Fruits & Vegetables","4.00","Discontinued"
"35-617-3857","Arabica Coffee","Beverages","20.00","Backordered"
"35-621-2546","Swiss Cheese","Dairy","8.00","Discontinued"
"35-835-5591","Tilapia","Seafood","7.00","Backordered"
"35-836-6718","Ricotta Cheese","Dairy","6.00","Backordered"
"36-127-4273","Ricotta Cheese","Dairy","6.20","Active"
"36-177-0573","Egg (Turkey)","Dairy","2.50","Discontinued"
"36-296-9609","Sunflower Oil","Oils & Fats","2.50","Backordered"
"36-330-5036","Salmon","Seafood","15.00","Active"
"36-372-2295","Basmati Rice","Grains & Pulses","4.45","Backordered"
"36-383-3677","Corn Oil","Oils & Fats","2.50","Discontinued"
"36-531-4087","Almond Flour","Grains & Pulses","9.50","Discontinued"
"36-636-4873","Black Rice","Grains & Pulses","6.10","Active"
"36-679-4670","Bell Pepper","Fruits & Vegetables","4.50","Backordered"
"36-840-2728","Mackerel","Seafood","7.50","Discontinued"
"36-899-5324","Orange","Fruits & Vegetables","2.90","Backordered"
"36-918-2937","Green Coffee","Beverages","12.00","Active"
"37-064-7275","Robusta Coffee","Beverages","10.00","Discontinued"
"37-246-0018","Broccoli","Fruits & Vegetables","4.00","Discontinued"
"37-248-6266","Pear","Fruits & Vegetables","4.50","Backordered"
"37-567-3218","Almond Flour","Grains & Pulses","9.50","Backordered"
"37-606-0510","Milk","Dairy","1.00","Active"
"37-610-1999","Halibut","Seafood","20.00","Discontinued"
"37-666-3902","Cauliflower","Fruits & Vegetables","2.45","Backordered"
"37-709-3532","Mushrooms","Fruits & Vegetables","6.00","Backordered"
"38-049-9319","Oatmeal Biscuit","Bakery","5.00","Active"
"38-296-6634","Peas","Fruits & Vegetables","3.00","Discontinued"
"38-390-2115","Potato","Fruits & Vegetables","1.20","Active"
"38-417-4656","White Sugar","Grains & Pulses","2.00","Backordered"
"38-555-9147","Black Coffee","Beverages","15.50","Discontinued"
"38-617-7226","Mushrooms","Fruits & Vegetables","6.30","Active"
"38-655-2312","Kale","Fruits & Vegetables","4.00","Backordered"
"38-664-2155","Cauliflower","Fruits & Vegetables","2.55","Discontinued"
"38-732-7667","Pineapple","Fruits & Vegetables","3.50","Backordered"
"38-822-8005","Cucumber","Fruits & Vegetables","1.75","Backordered"
"38-924-3007","Peas","Fruits & Vegetables","3.00","Backordered"
"39-192-3521","Herbal Tea","Beverages","30.50","Discontinued"
"39-232-5341","Arborio Rice","Grains & Pulses","4.50","Discontinued"
"39-315-3936","Heavy Cream","Dairy","4.00","Backordered"
"39-358-3340","Basmati Rice","Grains & Pulses","4.50","Discontinued"
"39-449-0772","Feta Cheese","Dairy","7.00","Backordered"
"39-479-5147","Tuna","Seafood","18.00","Discontinued"
"39-629-5554","Egg (Goose)","Dairy","2.50","Discontinued"
"39-768-8205","Egg (Turkey)","Dairy","2.50","Backordered"
"39-810-2042","Rice Flour","Grains & Pulses","2.00","Active"
"39-913-2999","Evaporated Milk","Dairy","2.00","Discontinued"
"40-003-7322","White Sugar","Grains & Pulses","2.00","Discontinued"
"40-021-2400","Zucchini","Fruits & Vegetables","2.50","Active"
"40-126-0515","Carrot","Fruits & Vegetables","1.50","Active"
"40-205-8252","Multigrain Bread","Bakery","3.50","Backordered"
"40-462-2952","Trout","Seafood","11.50","Backordered"
"40-630-1431","Cherry","Fruits & Vegetables","8.00","Discontinued"
"40-681-9981","Arabica Coffee","Beverages","20.00","Discontinued"
"40-683-0283","White Sugar","Grains & Pulses","2.00","Active"
"40-751-8635","Pineapple","Fruits & Vegetables","3.40","Discontinued"
"40-793-7235","Sour Cream","Dairy","4.00","Discontinued"
"40-795-0753","Raw Sugar","Grains & Pulses","1.50","Backordered"
"40-810-9261","Green Coffee","Beverages","12.50","Discontinued"
"40-860-4532","Arabica Coffee","Beverages","21.00","Active"
"40-902-1995","Asparagus","Fruits & Vegetables","4.80","Backordered"
"40-913-9772","Egg (Chicken)","Dairy","0.20","Backordered"
"40-997-2786","Yogurt","Dairy","1.75","Backordered"
"41-131-3841","Almond Flour","Grains & Pulses","9.50","Backordered"
"41-237-5498","Cheese","Dairy","9.00","Discontinued"
"41-240-8856","Haddock","Seafood","9.00","Discontinued"
"41-316-8427","Arborio Rice","Grains & Pulses","4.50","Active"
"41-475-5305","Rye Bread","Bakery","3.00","Backordered"
"41-526-4036","Whipped Cream","Dairy","4.00","Backordered"
"41-538-3129","Digestive Biscuit","Bakery","4.00","Backordered"
"41-594-5069","Egg (Duck)","Dairy","1.00","Discontinued"
"41-729-5410","Sardines","Seafood","6.00","Active"
"41-735-9837","Robusta Coffee","Beverages","10.00","Discontinued"
"42-134-9798","Canola Oil","Oils & Fats","2.30","Backordered"
"42-141-5718","Cheese","Dairy","9.00","Backordered"
"42-175-1648","Pomegranate","Fruits & Vegetables","6.00","Backordered"
"42-220-9305","White Sugar","Grains & Pulses","2.00","Backordered"
"42-495-7698","Sushi Rice","Grains & Pulses","4.30","Backordered"
"42-674-3917","Whole Wheat Flour","Grains & Pulses","2.65","Backordered"
"42-879-9478","Anchovies","Seafood","10.00","Discontinued"
"42-887-6557","Long Grain Rice","Grains & Pulses","1.50","Active"
"42-907-6946","Coconut Oil","Oils & Fats","5.00","Active"
"43-153-8268","Vegetable Oil","Oils & Fats","2.00","Backordered"
"43-164-5984","Butter","Dairy","2.90","Discontinued"
"43-193-9915","Mozzarella Cheese","Dairy","7.20","Discontinued"
"43-469-7551","Arabica Coffee","Beverages","20.00","Active"
"43-670-8544","Orange","Fruits & Vegetables","2.85","Discontinued"
"43-693-2092","Butter","Dairy","3.00","Discontinued"
"43-703-9939","Pineapple","Fruits & Vegetables","3.50","Active"
"43-851-9440","Lime","Fruits & Vegetables","1.90","Backordered"
"43-893-5408","Short Grain Rice","Grains & Pulses","3.00","Discontinued"
"43-910-2342","Plum","Fruits & Vegetables","4.00","Active"
"44-112-3331","Tuna","Seafood","18.00","Discontinued"
"44-128-2185","Jasmine Rice","Grains & Pulses","4.75","Backordered"
"44-305-1866","Butter","Dairy","3.00","Discontinued"
"44-368-7112","Corn Oil","Oils & Fats","2.50","Discontinued"
"44-408-7594","Eggplant","Fruits & Vegetables","3.00","Backordered"
"44-476-0390","Lemon","Fruits & Vegetables","2.50","Active"
"44-480-9446","Sunflower Oil","Oils & Fats","2.50","Active"
"44-538-3366","Tuna","Seafood","18.00","Discontinued"
"44-546-5713","Peach","Fruits & Vegetables","4.00","Discontinued"
"44-552-3909","Pear","Fruits & Vegetables","4.50","Active"
"44-634-8292","Whole Wheat Flour","Grains & Pulses","2.75","Active"
"44-637-5512","Watermelon","Fruits & Vegetables","3.00","Active"
"44-782-1395","Raw Sugar","Grains & Pulses","1.50","Active"
"45-050-4720","Black Rice","Grains & Pulses","6.00","Active"
"45-172-7012","Papaya","Fruits & Vegetables","4.50","Active"
"45-194-4094","Plum","Fruits & Vegetables","3.90","Active"
"45-250-4679","Bread Flour","Grains & Pulses","1.50","Backordered"
"45-317-9731","Palm Oil","Oils & Fats","1.80","Discontinued"
"45-380-4627","Cabbage","Fruits & Vegetables","0.90","Discontinued"
"45-402-0421","Swiss Cheese","Dairy","8.00","Active"
"45-634-0679","Haddock","Seafood","9.00","Active"
"45-852-2446","Salmon","Seafood","15.00","Active"
"45-992-5653","Whole Wheat Flour","Grains & Pulses","2.75","Backordered"
"46-083-7058","Haddock","Seafood","9.00","Active"
"46-255-3073","Tilapia","Seafood","7.00","Active"
"46-415-8633","Apple","Fruits & Vegetables","3.50","Backordered"
"46-436-5351","Green Tea","Beverages","8.50","Active"
"46-452-9419","Egg (Duck)","Dairy","1.00","Active"
"46-496-2930","Pomegranate","Fruits & Vegetables","6.00","Backordered"
"46-520-1819","Short Grain Rice","Grains & Pulses","4.50","Backordered"
"46-622-3434","Jasmine Rice","Grains & Pulses","4.75","Discontinued"
"46-632-8420","Whipped Cream","Dairy","4.10","Active"
"46-753-8430","Feta Cheese","Dairy","7.00","Discontinued"
"46-911-1159","Onion","Fruits & Vegetables","2.00","Active"
"46-931-6897","Cream","Dairy","2.50","Discontinued"
"47-221-2470","Pomegranate","Fruits & Vegetables","6.00","Active"
"47-221-3391","Black Coffee","Beverages","15.00","Active"
"47-441-7682","Digestive Biscuit","Bakery","4.00","Discontinued"
"47-548-6500","Onion","Fruits & Vegetables","2.00","Discontinued"
"47-554-5780","Haddock","Seafood","9.00","Active"
"47-578-4161","Anchovies","Seafood","10.00","Discontinued"
"47-581-0363","Parmesan Cheese","Dairy","12.00","Active"
"47-663-5703","Basmati Rice","Grains & Pulses","4.50","Discontinued"
"47-749-3277","Powdered Sugar","Grains & Pulses","2.50","Backordered"
"47-802-5023","Cod","Seafood","8.00","Active"
"47-843-8207","Cauliflower","Fruits & Vegetables","2.50","Active"
"47-866-6589","Egg (Duck)","Dairy","1.00","Discontinued"
"48-193-1199","Canola Oil","Oils & Fats","2.30","Discontinued"
"48-242-8445","Plum","Fruits & Vegetables","4.00","Discontinued"
"48-289-0604","Vegetable Oil","Oils & Fats","2.00","Active"
"48-414-6162","Arabica Coffee","Beverages","20.00","Active"
"48-427-0551","Arabica Coffee","Beverages","20.00","Backordered"
"48-461-3742","Kiwi","Fruits & Vegetables","6.00","Discontinued"
"48-770-6319","Egg (Duck)","Dairy","1.00","Backordered"
"48-789-9187","Peach","Fruits & Vegetables","4.00","Backordered"
"48-957-6116","Eggplant","Fruits & Vegetables","3.00","Discontinued"
"48-957-8596","Banana","Fruits & Vegetables","53.82","Discontinued"
"49-199-6836","Tomato","Fruits & Vegetables","2.50","Discontinued"
"49-311-3063","Kiwi","Fruits & Vegetables","6.00","Discontinued"
"49-377-9731","Lime","Fruits & Vegetables","2.00","Backordered"
"49-526-7806","Kale","Fruits & Vegetables","4.00","Active"
"49-570-8214","Sour Cream","Dairy","4.00","Backordered"
"49-579-4325","Ricotta Cheese","Dairy","6.00","Discontinued"
"49-730-0159","Cream","Dairy","2.40","Active"
"49-861-7823","Coconut","Fruits & Vegetables","5.00","Discontinued"
"49-891-4927","Cottage Cheese","Dairy","5.00","Active"
"49-919-8798","Evaporated Milk","Dairy","1.90","Discontinued"
"50-329-3145","Milk","Dairy","1.00","Backordered"
"50-329-3360","Wild Rice","Grains & Pulses","10.00","Active"
"50-364-5828","Coconut","Fruits & Vegetables","5.00","Active"
"50-679-2072","Canola Oil","Oils & Fats","2.30","Active"
"50-772-2613","Cheddar Cheese","Dairy","9.00","Backordered"
"50-930-4751","Salmon","Seafood","15.00","Discontinued"
"50-942-2409","Peas","Fruits & Vegetables","3.00","Backordered"
"51-000-8113","Green Tea","Beverages","8.00","Active"
"51-069-0489","Bread Flour","Grains & Pulses","1.50","Discontinued"
"51-273-4240","Multigrain Bread","Bakery","3.50","Discontinued"
"51-312-8608","Cheddar Cheese","Dairy","8.90","Active"
"51-459-5630","Sour Cream","Dairy","4.00","Active"
"51-462-0747","Lime","Fruits & Vegetables","2.00","Backordered"
"51-469-4611","Long Grain Rice","Grains & Pulses","1.60","Discontinued"
"51-572-5497","Orange","Fruits & Vegetables","3.00","Discontinued"
"51-583-6029","Digestive Biscuit","Bakery","4.00","Active"
"51-761-6320","Egg (Goose)","Dairy","2.50","Backordered"
"51-934-9117","Sardines","Seafood","6.00","Active"
"52-029-2382","Coconut Oil","Oils & Fats","5.00","Discontinued"
"52-123-8039","Pomegranate","Fruits & Vegetables","6.00","Backordered"
"52-392-5312","All-Purpose Flour","Grains & Pulses","1.75","Active"
"52-402-9245","Broccoli","Fruits & Vegetables","4.00","Active"
"52-481-5224","Kiwi","Fruits & Vegetables","6.00","Backordered"
"52-797-6961","Tilapia","Seafood","7.00","Discontinued"
"53-008-2419","Jasmine Rice","Grains & Pulses","4.75","Discontinued"
"53-050-8242","Mackerel","Seafood","7.50","Backordered"
"53-080-8252","Sourdough Bread","Bakery","4.50","Discontinued"
"53-146-9979","Powdered Sugar","Grains & Pulses","2.50","Active"
"53-151-5726","Grapes","Fruits & Vegetables","5.50","Backordered"
"53-446-8243","Orange","Fruits & Vegetables","3.00","Discontinued"
"53-667-4109","Onion","Fruits & Vegetables","2.00","Active"
"53-680-5293","Cheddar Cheese","Dairy","9.00","Active"
"53-710-7630","Rice Flour","Grains & Pulses","2.00","Backordered"
"53-805-9523","Sourdough Bread","Bakery","4.50","Active"
"53-930-2215","Egg (Goose)","Dairy","2.50","Active"
"54-109-8062","Sushi Rice","Grains & Pulses","4.50","Backordered"
"54-281-3746","Green Beans","Fruits & Vegetables","2.00","Discontinued"
"54-374-9986","Cream","Dairy","2.50","Discontinued"
"54-708-7327","Jasmine Rice","Grains & Pulses","4.75","Active"
"54-758-4622","Chocolate Biscuit","Bakery","5.00","Backordered"
"54-822-9009","Cauliflower","Grains & Pulses","3.20","Backordered"
"54-830-6971","Tilapia","Seafood","7.00","Backordered"
"55-154-4728","Arabica Coffee","Beverages","20.00","Backordered"
"55-164-7723","Halibut","Seafood","20.00","Active"
"55-522-8242","Whipped Cream","Dairy","4.00","Backordered"
"55-631-7937","Greek Yogurt","Dairy","3.00","Active"
"55-680-0982","Green Tea","Beverages","8.00","Discontinued"
"55-697-5242","Ricotta Cheese","Dairy","6.00","Discontinued"
"55-803-3964","Bread Flour","Grains & Pulses","1.50","Backordered"
"55-936-2406","Bread Flour","Grains & Pulses","1.50","Active"
"56-054-8664","Lemon","Fruits & Vegetables","2.45","Discontinued"
"56-191-6497","Bread Flour","Grains & Pulses","1.50","Discontinued"
"56-213-0577","Papaya","Fruits & Vegetables","4.50","Backordered"
"56-303-5256","Wild Rice","Grains & Pulses","10.00","Active"
"56-635-6764","Sourdough Bread","Bakery","4.50","Backordered"
"56-657-4387","White Bread","Bakery","2.50","Backordered"
"56-668-5370","Vegetable Oil","Oils & Fats","2.00","Discontinued"
"56-810-0550","Mackerel","Seafood","7.50","Backordered"
"56-831-6199","Salmon","Seafood","15.00","Active"
"56-875-3717","Brown Rice","Grains & Pulses","2.50","Active"
"56-894-3733","Yogurt","Dairy","1.75","Backordered"
"56-937-8675","Cream","Dairy","2.50","Discontinued"
"57-101-0060","Whole Wheat Flour","Grains & Pulses","2.75","Backordered"
"57-167-0669","Haddock","Seafood","9.00","Discontinued"
"57-359-3397","Garlic","Fruits & Vegetables","7.00","Active"
"57-394-1587","Bread Flour","Grains & Pulses","1.50","Discontinued"
"57-394-4703","White Tea","Beverages","25.00","Backordered"
"57-437-1828","Plum","Fruits & Vegetables","4.00","Backordered"
"57-562-2358","Black Coffee","Beverages","15.00","Backordered"
"57-613-5779","Gouda Cheese","Dairy","7.00","Backordered"
"57-763-5501","Cod","Seafood","8.00","Discontinued"
"57-779-4955","Black Rice","Grains & Pulses","6.25","Backordered"
"57-861-4379","Swiss Cheese","Dairy","8.00","Backordered"
"57-903-6434","Tomato","Fruits & Vegetables","2.50","Active"
"58-005-5343","Cucumber","Fruits & Vegetables","1.80","Discontinued"
"58-063-8633","Bell Pepper","Fruits & Vegetables","4.50","Discontinued"
"58-122-2282","Black Tea","Beverages","5.00","Discontinued"
"58-182-6781","Oatmeal Biscuit","Bakery","5.00","Active"
"58-219-0241","Avocado Oil","Oils & Fats","10.00","Discontinued"
"58-229-1358","Cream","Dairy","2.35","Backordered"
"58-946-5152","Bread Flour","Grains & Pulses","1.50","Backordered"
"59-075-2457","Egg (Goose)","Dairy","2.50","Discontinued"
"59-725-4038","Arabica Coffee","Beverages","20.50","Active"
"59-857-6577","Evaporated Milk","Dairy","2.00","Discontinued"
"60-198-7050","Green Tea","Beverages","8.00","Active"
"60-285-3783","Mushrooms","Fruits & Vegetables","6.00","Active"
"60-311-5701","Sesame Oil","Oils & Fats","6.50","Backordered"
"60-327-4114","Egg (Turkey)","Dairy","2.35","Active"
"60-343-3288","Tilapia","Seafood","6.70","Backordered"
"60-343-7973","Multigrain Bread","Bakery","3.20","Backordered"
"60-456-8169","Cheddar Cheese","Dairy","9.00","Backordered"
"60-550-4771","Haddock","Seafood","9.00","Backordered"
"60-632-8752","Chocolate Biscuit","Bakery","5.00","Active"
"60-644-6596","Trout","Seafood","12.00","Discontinued"
"60-747-8704","Papaya","Fruits & Vegetables","4.50","Active"
"60-771-0879","Blueberries","Fruits & Vegetables","10.00","Discontinued"
"60-911-3745","Black Rice","Grains & Pulses","6.35","Backordered"
"61-293-6327","Salmon","Seafood","15.00","Active"
"61-317-9944","White Bread","Bakery","2.50","Discontinued"
"61-582-7399","Apricot","Fruits & Vegetables","5.00","Discontinued"
"61-607-7622","Egg (Duck)","Dairy","1.00","Discontinued"
"61-680-9496","Apple","Fruits & Vegetables","3.50","Discontinued"
"61-796-6540","Ricotta Cheese","Dairy","6.00","Discontinued"
"61-801-8665","Robusta Coffee","Beverages","10.50","Discontinued"
"61-827-4098","Cod","Seafood","8.00","Backordered"
"62-100-2245","Sourdough Bread","Bakery","4.20","Backordered"
"62-393-9939","Cheddar Cheese","Dairy","9.00","Active"
"62-509-0666","Almond Flour","Grains & Pulses","9.50","Backordered"
"62-777-6010","Sushi Rice","Grains & Pulses","4.25","Backordered"
"62-795-7801","Palm Oil","Oils & Fats","1.80","Backordered"
"62-816-8794","Rice Flour","Grains & Pulses","2.00","Backordered"
"62-998-7250","Evaporated Milk","Dairy","2.00","Backordered"
"63-162-9244","Eggplant","Fruits & Vegetables","3.00","Active"
"63-168-6018","Cucumber","Fruits & Vegetables","1.80","Active"
"63-270-7076","Multigrain Bread","Bakery","3.50","Backordered"
"63-822-5278","Pomegranate","Fruits & Vegetables","6.00","Backordered"
"63-874-9747","Orange","Fruits & Vegetables","3.00","Discontinued"
"63-890-1246","Oatmeal Biscuit","Bakery","5.00","Discontinued"
"63-897-8088","Zucchini","Fruits & Vegetables","2.50","Backordered"
"63-918-8253","Mango","Fruits & Vegetables","5.00","Backordered"
"63-936-0145","Plum","Fruits & Vegetables","4.00","Discontinued"
"63-956-0739","Robusta Coffee","Beverages","10.00","Backordered"
"64-109-7362","Anchovies","Seafood","10.00","Backordered"
"64-119-7804","Bell Pepper","Fruits & Vegetables","4.50","Backordered"
"64-418-8356","Sunflower Oil","Oils & Fats","2.50","Active"
"64-478-4745","Lemon","Fruits & Vegetables","2.50","Active"
"64-493-5270","Palm Oil","Oils & Fats","1.80","Active"
"64-854-8664","Peanut Oil","Oils & Fats","4.00","Discontinued"
"65-145-9672","Long Grain Rice","Grains & Pulses","1.50","Active"
"65-235-7676","Whole Wheat Bread","Bakery","3.50","Active"
"65-282-0419","White Tea","Beverages","25.50","Active"
"65-368-2479","Egg (Turkey)","Dairy","2.40","Active"
"65-464-5070","Heavy Cream","Dairy","4.00","Discontinued"
"65-527-9488","Grapes","Fruits & Vegetables","5.50","Active"
"65-644-1394","Pear","Fruits & Vegetables","4.50","Active"
"65-674-6076","Egg (Quail)","Dairy","0.80","Active"
"65-718-0492","Olive Oil","Oils & Fats","6.00","Active"
"65-759-3721","Butter Biscuit","Bakery","6.00","Discontinued"
"65-780-5622","Butter Biscuit","Bakery","6.00","Active"
"65-854-9364","Black Rice","Grains & Pulses","6.30","Backordered"
"65-867-4029","Peach","Fruits & Vegetables","4.00","Active"
"66-268-8345","Greek Yogurt","Dairy","3.00","Active"
"66-312-5511","Anchovies","Seafood","10.00","Discontinued"
"66-327-2821","Palm Oil","Oils & Fats","1.80","Active"
"66-378-7532","Blueberries","Fruits & Vegetables","10.00","Backordered"
"66-627-9752","Trout","Seafood","12.00","Active"
"66-716-8221","Cheddar Cheese","Dairy","9.00","Backordered"
"66-806-6051","Yogurt","Dairy","1.70","Backordered"
"66-854-5736","Kiwi","Fruits & Vegetables","5.80","Discontinued"
"66-993-4234","Cucumber","Fruits & Vegetables","1.80","Backordered"
"67-025-1245","Cabbage","Fruits & Vegetables","1.00","Active"
"67-027-7269","Mushrooms","Fruits & Vegetables","6.50","Backordered"
"67-130-4114","Bell Pepper","Fruits & Vegetables","4.50","Backordered"
"67-248-6306","Cauliflower","Fruits & Vegetables","2.50","Active"
"67-270-7464","Jasmine Rice","Grains & Pulses","4.75","Discontinued"
"67-382-4435","Green Beans","Fruits & Vegetables","2.10","Active"
"67-473-7093","Black Tea","Beverages","5.00","Active"
"67-512-9754","Egg (Turkey)","Dairy","2.50","Discontinued"
"67-546-1568","Peanut Oil","Oils & Fats","4.00","Backordered"
"67-625-9704","Sardines","Seafood","6.00","Discontinued"
"67-710-5120","Bread Flour","Grains & Pulses","1.50","Active"
"67-725-6830","Brown Rice","Grains & Pulses","2.50","Backordered"
"67-984-5368","Parmesan Cheese","Dairy","12.00","Backordered"
"68-418-6724","Parmesan Cheese","Dairy","12.00","Active"
"68-436-1268","Egg (Duck)","Dairy","1.00","Backordered"
"68-636-4774","Carrot","Fruits & Vegetables","1.45","Active"
"68-732-5919","Jasmine Rice","Grains & Pulses","4.75","Backordered"
"68-734-1585","Greek Yogurt","Fruits & Vegetables","51.17","Discontinued"
"68-761-6907","Zucchini","Fruits & Vegetables","2.50","Discontinued"
"68-973-8812","Sweet Potato","Fruits & Vegetables","2.00","Discontinued"
"68-977-2498","Grapes","Fruits & Vegetables","5.50","Backordered"
"68-977-6854","Apricot","Fruits & Vegetables","5.00","Backordered"
"69-171-1305","Brown Rice","Grains & Pulses","2.50","Active"
"69-287-9113","Zucchini","Fruits & Vegetables","2.50","Active"
"69-468-5468","Sourdough Bread","Bakery","4.50","Active"
"69-561-2496","Banana","Fruits & Vegetables","15.31","Backordered"
"69-578-7930","Brown Rice","Grains & Pulses","2.50","Discontinued"
"69-674-5387","Yogurt","Dairy","1.75","Discontinued"
"69-743-0161","Bread Flour","Grains & Pulses","1.50","Discontinued"
"69-834-2874","Oatmeal Biscuit","Bakery","5.00","Discontinued"
"69-895-3397","Cucumber","Fruits & Vegetables","1.80","Discontinued"
"70-005-5970","Apple","Fruits & Vegetables","3.50","Discontinued"
"70-145-2550","Lemon","Fruits & Vegetables","2.40","Backordered"
"70-149-6756","Heavy Cream","Dairy","4.20","Discontinued"
"70-206-4860","Egg (Quail)","Dairy","0.80","Discontinued"
"70-534-7796","Zucchini","Fruits & Vegetables","2.50","Backordered"
"70-542-4269","Gouda Cheese","Dairy","7.00","Active"
"70-587-1204","Black Rice","Grains & Pulses","6.00","Discontinued"
"70-612-2531","Pineapple","Fruits & Vegetables","3.45","Discontinued"
"70-815-4015","Butter Biscuit","Bakery","6.00","Active"
"70-854-6891","Sourdough Bread","Bakery","4.00","Active"
"70-871-4536","Swiss Cheese","Dairy","8.00","Active"
"71-015-9181","Pomegranate","Fruits & Vegetables","6.00","Active"
"71-067-3278","Anchovies","Seafood","10.00","Backordered"
"71-074-6292","Sourdough Bread","Bakery","4.00","Discontinued"
"71-085-4290","Cucumber","Fruits & Vegetables","1.80","Active"
"71-300-2191","Broccoli","Fruits & Vegetables","4.00","Active"
"71-436-5841","Cauliflower","Fruits & Vegetables","2.50","Discontinued"
"71-516-1996","Corn Oil","Oils & Fats","2.50","Active"
"71-594-6552","Long Grain Rice","Grains & Pulses","1.50","Active"
"71-631-5875","Salmon","Seafood","15.00","Discontinued"
"71-954-4501","Anchovies","Seafood","10.00","Discontinued"
"71-999-2404","Mango","Fruits & Vegetables","4.70","Active"
"72-066-4597","Broccoli","Fruits & Vegetables","4.00","Active"
"72-341-1154","Heavy Cream","Dairy","4.20","Discontinued"
"72-404-5581","Almond Flour","Grains & Pulses","9.50","Active"
"72-780-6006","Sunflower Oil","Oils & Fats","2.50","Discontinued"
"72-810-9753","Sesame Oil","Oils & Fats","6.50","Active"
"72-970-0239","Sesame Oil","Oils & Fats","6.50","Backordered"
"72-989-2512","Mushrooms","Fruits & Vegetables","6.00","Backordered"
"73-010-8323","Tuna","Seafood","18.00","Backordered"
"73-117-6105","Brown Rice","Grains & Pulses","2.50","Discontinued"
"73-118-1117","Olive Oil","Oils & Fats","6.00","Discontinued"
"73-401-5721","Haddock","Seafood","9.00","Discontinued"
"73-561-2867","Sourdough Bread","Bakery","4.00","Discontinued"
"73-567-6194","Whipped Cream","Dairy","4.00","Active"
"73-751-4393","Onion","Fruits & Vegetables","2.00","Discontinued"
"73-874-7534","Pomegranate","Fruits & Vegetables","6.00","Backordered"
"73-942-0508","Kale","Fruits & Vegetables","4.00","Backordered"
"73-997-6251","Bell Pepper","Fruits & Vegetables","4.50","Discontinued"
"74-132-5528","Cauliflower","Fruits & Vegetables","2.50","Backordered"
"74-181-4135","Egg (Chicken)","Dairy","0.20","Discontinued"
"74-234-0628","Almond Flour","Grains & Pulses","9.50","Active"
"74-294-3760","Peanut Oil","Oils & Fats","4.00","Discontinued"
"74-305-1263","Green Coffee","Beverages","12.00","Active"
"74-404-0582","Cherry","Fruits & Vegetables","8.00","Active"
"74-430-8245","Peach","Fruits & Vegetables","4.00","Backordered"
"74-548-9313","Mango","Fruits & Vegetables","5.00","Backordered"
"74-562-7431","Vanilla Biscuit","Bakery","5.50","Backordered"
"74-587-2065","Pear","Fruits & Vegetables","4.50","Active"
"74-610-2295","Green Coffee","Beverages","12.50","Active"
"74-642-2435","Cauliflower","Fruits & Vegetables","2.50","Backordered"
"74-666-5671","Tuna","Seafood","18.00","Backordered"
"74-711-7160","Sushi Rice","Grains & Pulses","4.50","Backordered"
"74-818-3306","Spinach","Fruits & Vegetables","2.45","Backordered"
"74-845-3299","Green Tea","Beverages","8.00","Active"
"74-943-9034","White Bread","Bakery","2.50","Active"
"75-029-9003","Sourdough Bread","Bakery","4.00","Discontinued"
"75-080-4909","Corn Oil","Oils & Fats","2.50","Backordered"
"75-094-1179","Rye Bread","Bakery","3.00","Discontinued"
"75-152-8731","Pear","Fruits & Vegetables","4.45","Backordered"
"75-672-4378","Pomegranate","Fruits & Vegetables","6.00","Backordered"
"75-927-9108","Cabbage","Fruits & Vegetables","1.00","Discontinued"
"76-027-4850","Onion","Fruits & Vegetables","2.00","Active"
"76-070-1411","Evaporated Milk","Dairy","1.90","Discontinued"
"76-090-4411","Ricotta Cheese","Dairy","6.00","Active"
"76-264-0748","Eggplant","Fruits & Vegetables","3.00","Active"
"76-325-9093","Sesame Oil","Oils & Fats","6.50","Discontinued"
"76-340-4432","Cucumber","Fruits & Vegetables","1.75","Backordered"
"76-401-7083","Pomegranate","Fruits & Vegetables","6.00","Active"
"76-459-2392","Palm Oil","Oils & Fats","1.80","Backordered"
"76-476-9996","Chocolate Biscuit","Bakery","5.00","Backordered"
"76-540-6407","Orange","Fruits & Vegetables","3.10","Backordered"
"76-584-4790","Peanut Oil","Oils & Fats","4.00","Backordered"
"76-623-7844","Egg (Quail)","Dairy","0.80","Discontinued"
"76-854-0095","White Sugar","Grains & Pulses","2.00","Backordered"
"76-954-1442","Arabica Coffee","Beverages","20.00","Backordered"
"77-013-1553","Canola Oil","Oils & Fats","2.30","Discontinued"
"77-224-2227","Almond Flour","Grains & Pulses","9.50","Backordered"
"77-312-6317","Spinach","Fruits & Vegetables","2.40","Discontinued"
"77-377-1659","Almond Flour","Grains & Pulses","9.50","Active"
"77-777-4536","Basmati Rice","Grains & Pulses","4.40","Backordered"
"77-827-0820","Sesame Oil","Oils & Fats","6.50","Active"
"77-937-1108","White Sugar","Grains & Pulses","2.00","Active"
"77-959-1018","Lettuce","Fruits & Vegetables","2.00","Backordered"
"78-237-0277","Black Tea","Beverages","5.00","Active"
"78-362-8578","Lemon","Fruits & Vegetables","2.45","Backordered"
"78-614-4402","Green Beans","Fruits & Vegetables","2.00","Discontinued"
"78-689-8958","White Tea","Beverages","25.00","Active"
"78-953-2073","Canola Oil","Oils & Fats","2.30","Backordered"
"78-956-4737","Sushi Rice","Grains & Pulses","4.20","Discontinued"
"79-136-9840","Herbal Tea","Beverages","30.00","Discontinued"
"79-350-5841","Jasmine Rice","Grains & Pulses","4.75","Discontinued"
"79-400-6216","Mozzarella Cheese","Dairy","7.20","Discontinued"
"79-428-8753","Cabbage","Fruits & Vegetables","1.00","Active"
"79-494-2472","Green Beans","Fruits & Vegetables","2.00","Active"
"79-569-8856","Vegetable Oil","Oils & Fats","2.00","Backordered"
"79-741-0770","Mushrooms","Fruits & Vegetables","6.00","Active"
"79-884-8810","Cucumber","Fruits & Vegetables","1.75","Backordered"
"79-920-2395","Mushrooms","Fruits & Vegetables","6.25","Active"
"80-020-8041","Black Rice","Grains & Pulses","6.20","Active"
"80-025-6757","Grapes","Fruits & Vegetables","5.50","Discontinued"
"80-039-1261","Strawberries","Fruits & Vegetables","6.00","Discontinued"
"80-072-8774","Tuna","Seafood","18.00","Discontinued"
"80-227-6886","Garlic","Fruits & Vegetables","7.00","Active"
"80-334-0215","Grapes","Fruits & Vegetables","5.50","Discontinued"
"80-371-3695","Cottage Cheese","Dairy","5.00","Backordered"
"80-374-5711","Herbal Tea","Beverages","31.00","Backordered"
"80-375-9075","Swiss Cheese","Dairy","8.00","Discontinued"
"80-441-7249","Wild Rice","Grains & Pulses","10.00","Active"
"80-459-5950","Arabica Coffee","Beverages","20.00","Backordered"
"80-658-6456","Mango","Fruits & Vegetables","5.00","Backordered"
"80-698-0324","Butter Biscuit","Bakery","6.00","Active"
"80-988-4653","Zucchini","Fruits & Vegetables","2.50","Discontinued"
"81-268-5905","Mackerel","Seafood","7.50","Active"
"81-354-4203","Haddock","Seafood","9.00","Discontinued"
"81-573-0943","Egg (Chicken)","Dairy","0.20","Active"
"81-578-7404","Gouda Cheese","Dairy","7.00","Active"
"81-605-6246","Sardines","Seafood","6.00","Discontinued"
"81-844-2979","Broccoli","Fruits & Vegetables","4.00","Discontinued"
"82-041-7211","Swiss Cheese","Dairy","8.00","Discontinued"
"82-231-4245","Wild Rice","Grains & Pulses","10.00","Discontinued"
"82-243-3180","Palm Oil","Oils & Fats","1.80","Discontinued"
"82-342-7339","Vanilla Biscuit","Bakery","5.50","Backordered"
"82-380-5378","Cheese","Dairy","9.00","Active"
"82-395-5070","Chocolate Biscuit","Bakery","5.00","Active"
"82-538-4809","Cabbage","Fruits & Vegetables","1.00","Backordered"
"82-678-8097","Cottage Cheese","Dairy","4.80","Backordered"
"82-711-0772","Egg (Goose)","Dairy","2.40","Active"
"82-811-7988","Olive Oil","Oils & Fats","6.00","Discontinued"
"82-931-7126","Asparagus","Fruits & Vegetables","5.00","Discontinued"
"82-948-2298","Kiwi","Fruits & Vegetables","5.70","Discontinued"
"82-977-7752","Spinach","Fruits & Vegetables","2.50","Active"
"83-108-1174","White Bread","Bakery","2.50","Backordered"
"83-117-7658","Asparagus","Fruits & Vegetables","5.00","Backordered"
"83-321-7887","Egg (Duck)","Dairy","1.00","Discontinued"
"83-400-9746","Mozzarella Cheese","Dairy","7.00","Active"
"83-553-9523","Buttermilk","Dairy","2.45","Active"
"83-556-0996","Powdered Sugar","Grains & Pulses","2.40","Active"
"83-568-3475","Halibut","Seafood","20.00","Backordered"
"83-573-4586","Sesame Oil","Oils & Fats","6.50","Backordered"
"83-625-3618","Asparagus","Fruits & Vegetables","5.00","Backordered"
"83-704-6367","Arabica Coffee","Beverages","21.00","Discontinued"
"83-716-2177","Halibut","Seafood","20.00","Backordered"
"83-727-0814","Basmati Rice","Grains & Pulses","4.50","Active"
"83-763-5038","Buttermilk","Dairy","2.40","Backordered"
"83-917-7384","Garlic","Fruits & Vegetables","7.00","Discontinued"
"83-966-3280","Mackerel","Seafood","7.50","Backordered"
"84-075-7647","Canola Oil","Oils & Fats","2.30","Discontinued"
"84-151-2114","Brown Rice","Grains & Pulses","2.50","Active"
"84-198-7276","Peanut Oil","Oils & Fats","4.00","Active"
"84-269-9130","Long Grain Rice","Grains & Pulses","1.50","Discontinued"
"84-272-0790","Blueberries","Fruits & Vegetables","10.00","Backordered"
"84-327-7787","Egg (Chicken)","Dairy","0.20","Discontinued"
"84-546-7624","Cherry","Fruits & Vegetables","8.00","Active"
"84-624-0201","Bread Flour","Grains & Pulses","1.50","Backordered"
"84-629-1532","Arabica Coffee","Beverages","21.00","Discontinued"
"85-207-4164","Eggplant","Fruits & Vegetables","3.00","Backordered"
"85-212-2729","Egg (Turkey)","Dairy","2.50","Backordered"
"85-237-3505","Green Tea","Beverages","8.00","Discontinued"
"85-440-3667","Gouda Cheese","Dairy","7.00","Backordered"
"85-510-2915","White Bread","Bakery","2.50","Discontinued"
"85-561-4694","Kiwi","Fruits & Vegetables","6.00","Discontinued"
"85-781-5386","Salmon","Seafood","15.00","Discontinued"
"85-806-0613","Oatmeal Biscuit","Bakery","5.00","Active"
"85-806-8672","Black Tea","Beverages","4.70","Active"
"85-835-3445","Egg (Goose)","Dairy","2.45","Backordered"
"86-257-4613","Jasmine Rice","Grains & Pulses","4.75","Discontinued"
"86-273-9377","White Rice","Grains & Pulses","1.80","Discontinued"
"86-330-0214","Arabica Coffee","Beverages","20.00","Backordered"
"86-482-6451","White Tea","Beverages","25.00","Backordered"
"86-672-4191","Egg (Goose)","Dairy","2.50","Discontinued"
"86-692-2312","Avocado Oil","Oils & Fats","10.00","Active"
"86-978-6666","Whole Wheat Flour","Grains & Pulses","2.70","Backordered"
"87-013-6488","Sushi Rice","Grains & Pulses","4.25","Active"
"87-097-5691","Robusta Coffee","Beverages","10.00","Discontinued"
"87-104-0187","Whole Wheat Flour","Grains & Pulses","2.75","Backordered"
"87-199-2743","Papaya","Fruits & Vegetables","4.50","Active"
"87-272-6544","Egg (Goose)","Dairy","2.50","Discontinued"
"87-391-9658","Corn Oil","Oils & Fats","2.50","Discontinued"
"87-423-8486","Powdered Sugar","Grains & Pulses","2.50","Discontinued"
"87-675-1506","Strawberries","Fruits & Vegetables","5.90","Discontinued"
"87-698-0944","Banana","Fruits & Vegetables","98.43","Active"
"87-762-1317","Mozzarella Cheese","Dairy","7.00","Discontinued"
"87-791-5803","Tuna","Seafood","18.00","Active"
"87-903-3486","Peanut Oil","Oils & Fats","4.00","Active"
"87-997-0228","Watermelon","Fruits & Vegetables","3.00","Discontinued"
"88-069-5486","Cod","Seafood","8.00","Active"
"88-183-5781","Whole Wheat Bread","Bakery","3.50","Backordered"
"88-304-2855","Pineapple","Fruits & Vegetables","3.50","Active"
"88-401-3700","Cauliflower","Fruits & Vegetables","2.50","Discontinued"
"88-408-0310","Corn Oil","Oils & Fats","2.50","Active"
"88-586-8797","Grapes","Fruits & Vegetables","5.50","Active"
"88-602-8210","Avocado Oil","Oils & Fats","10.00","Backordered"
"88-746-9468","Onion","Fruits & Vegetables","2.00","Active"
"88-807-8431","Haddock","Seafood","9.00","Active"
"88-951-9038","Black Coffee","Beverages","15.00","Active"
"88-977-0175","Chocolate Biscuit","Bakery","5.00","Active"
"89-181-4523","Wild Rice","Grains & Pulses","10.00","Discontinued"
"89-328-9019","Bread Flour","Grains & Pulses","1.50","Active"
"89-335-0155","Brown Rice","Grains & Pulses","2.50","Active"
"89-388-3239","Grapes","Fruits & Vegetables","5.50","Backordered"
"89-543-3456","Blueberries","Fruits & Vegetables","10.00","Active"
"89-602-6755","Milk","Dairy","1.00","Discontinued"
"89-624-7462","Asparagus","Fruits & Vegetables","5.00","Backordered"
"89-673-1543","Digestive Biscuit","Bakery","4.00","Discontinued"
"89-713-6071","Sesame Oil","Oils & Fats","6.50","Active"
"89-922-4773","Whole Wheat Flour","Grains & Pulses","2.75","Active"
"90-128-7973","Black Rice","Grains & Pulses","6.25","Backordered"
"90-230-9767","Long Grain Rice","Grains & Pulses","1.50","Discontinued"
"90-303-1821","Onion","Fruits & Vegetables","2.00","Backordered"
"90-343-9640","Avocado Oil","Oils & Fats","10.00","Backordered"
"90-492-0564","Pomegranate","Fruits & Vegetables","6.00","Discontinued"
"90-737-0044","Black Rice","Grains & Pulses","6.00","Backordered"
"90-773-9557","Butter","Dairy","3.00","Active"
"90-865-9150","Powdered Sugar","Grains & Pulses","2.50","Discontinued"
"91-105-7317","Orange","Fruits & Vegetables","3.00","Discontinued"
"91-127-7489","Orange","Fruits & Vegetables","2.95","Active"
"91-257-3672","Tilapia","Seafood","7.00","Active"
"91-290-9062","Digestive Biscuit","Bakery","4.00","Backordered"
"91-417-0366","Grapes","Fruits & Vegetables","5.50","Discontinued"
"91-426-3204","Haddock","Seafood","9.00","Backordered"
"91-553-1774","Feta Cheese","Dairy","7.00","Active"
"91-848-0606","Onion","Fruits & Vegetables","2.00","Active"
"92-152-5820","Black Tea","Beverages","5.30","Active"
"92-291-7089","Cheese","Dairy","9.50","Discontinued"
"92-362-3567","Tomato","Fruits & Vegetables","2.50","Discontinued"
"92-455-2959","Robusta Coffee","Beverages","10.30","Backordered"
"92-551-8504","Raw Sugar","Grains & Pulses","1.50","Backordered"
"92-652-3737","Zucchini","Fruits & Vegetables","2.50","Backordered"
"92-791-0606","Short Grain Rice","Grains & Pulses","3.00","Discontinued"
"92-837-8839","Vegetable Oil","Oils & Fats","2.00","Discontinued"
"92-995-8689","Cheddar Cheese","Dairy","9.00","Backordered"
"93-014-4256","Green Beans","Fruits & Vegetables","2.00","Active"
"93-015-0811","Pineapple","Fruits & Vegetables","3.50","Discontinued"
"93-166-3169","White Tea","Beverages","25.00","Active"
"93-198-5984","Mango","Fruits & Vegetables","5.00","Active"
"93-218-8108","Heavy Cream","Dairy","4.00","Backordered"
"93-342-8794","Bread Flour","Grains & Pulses","1.50","Backordered"
"93-571-7294","Sushi Rice","Grains & Pulses","4.35","Backordered"
"93-682-2069","Lime","Fruits & Vegetables","2.00","Backordered"
"93-772-3085","Banana","Fruits & Vegetables","13.99","Active"
"93-813-2419","Digestive Biscuit","Bakery","4.00","Active"
"93-815-0565","Sesame Oil","Oils & Fats","6.50","Backordered"
"93-966-7754","Pineapple","Fruits & Vegetables","3.50","Active"
"94-020-6982","Tuna","Seafood","18.00","Active"
"94-029-2717","Broccoli","Fruits & Vegetables","4.00","Discontinued"
"94-071-2261","Pear","Fruits & Vegetables","4.50","Discontinued"
"94-092-3355","Cauliflower","Fruits & Vegetables","2.50","Discontinued"
"94-190-5193","Carrot","Fruits & Vegetables","1.50","Discontinued"
"94-355-3070","Tilapia","Seafood","6.80","Discontinued"
"94-525-6925","Rye Bread","Bakery","3.00","Discontinued"
"94-528-8088","Haddock","Seafood","9.00","Active"
"94-598-3383","Brown Rice","Grains & Pulses","2.50","Discontinued"
"94-658-4945","Sweet Potato","Fruits & Vegetables","2.00","Backordered"
"94-697-2396","Sourdough Bread","Bakery","4.00","Discontinued"
"95-090-2788","Sesame Oil","Oils & Fats","6.50","Discontinued"
"95-130-9020","Heavy Cream","Dairy","4.10","Active"
"95-252-9619","Carrot","Fruits & Vegetables","1.60","Backordered"
"95-262-6208","Black Tea","Beverages","5.00","Discontinued"
"95-349-0828","Feta Cheese","Dairy","7.00","Active"
"95-354-8583","Long Grain Rice","Grains & Pulses","1.50","Active"
"95-356-1566","Grapes","Fruits & Vegetables","5.50","Backordered"
"95-357-2870","Arborio Rice","Grains & Pulses","4.50","Discontinued"
"95-449-1286","Egg (Chicken)","Dairy","0.20","Backordered"
"95-640-0293","Arborio Rice","Grains & Pulses","4.50","Active"
"95-738-4658","Green Coffee","Beverages","12.00","Backordered"
"96-164-0607","Coconut Oil","Oils & Fats","5.00","Discontinued"
"96-209-1739","Evaporated Milk","Dairy","2.00","Backordered"
"96-316-7600","Bell Pepper","Fruits & Vegetables","4.50","Discontinued"
"96-334-2593","White Tea","Beverages","25.30","Active"
"96-503-7712","White Bread","Bakery","2.50","Backordered"
"96-682-8546","Egg (Chicken)","Dairy","0.20","Backordered"
"96-774-0457","Cod","Seafood","8.00","Discontinued"
"96-961-2193","Jasmine Rice","Grains & Pulses","4.75","Active"
"97-040-3822","Swiss Cheese","Dairy","8.00","Backordered"
"97-093-4278","Buttermilk","Dairy","2.55","Discontinued"
"97-283-4840","Palm Oil","Oils & Fats","1.80","Backordered"
"97-300-7511","Egg (Duck)","Dairy","1.00","Backordered"
"97-710-2449","Rye Bread","Bakery","2.80","Backordered"
"97-772-2336","Pineapple","Fruits & Vegetables","3.50","Discontinued"
"98-064-4465","Mozzarella Cheese","Dairy","7.00","Active"
"98-148-0940","Egg (Chicken)","Dairy","0.20","Active"
"98-235-2711","Asparagus","Fruits & Vegetables","5.00","Active"
"98-445-7372","Cod","Seafood","8.00","Discontinued"
"98-499-2220","Parmesan Cheese","Dairy","12.00","Discontinued"
"98-546-7398","Yogurt","Dairy","1.75","Backordered"
"98-556-5323","Pomegranate","Fruits & Vegetables","6.00","Active"
"98-575-4736","Cucumber","Fruits & Vegetables","1.80","Active"
"98-652-9569","Butter Biscuit","Bakery","6.00","Discontinued"
"98-858-6323","Swiss Cheese","Dairy","8.00","Active"
"98-909-9395","Cottage Cheese","Dairy","5.00","Backordered"
"99-033-5661","Rice Flour","Grains & Pulses","2.00","Active"
"99-048-8310","Tomato","Fruits & Vegetables","2.50","Discontinued"
"99-137-1730","Bread Flour","Grains & Pulses","1.50","Active"
"99-194-5600","Cauliflower","Fruits & Vegetables","2.50","Active"
"99-420-3592","Butter Biscuit","Bakery","6.00","Active"
"99-543-5039","Lemon","Fruits & Vegetables","2.50","Backordered"
"99-561-4871","Haddock","Seafood","9.00","Active"
"99-894-4351","White Sugar","Grains & Pulses","2.00","Backordered"
"99-961-0767","Heavy Cream","Dairy","4.00","Active"
